{"Accuracy": 0.9408866995073891, "Precision": 0.9193505249539733, "Recall": 0.9408866995073891, "F1 score": 0.9250298054099834}