{"Accuracy": 0.9359605911330049, "Precision": 0.8880864699411737, "Recall": 0.9359605911330049, "F1 score": 0.9106732348111659}