{"Accuracy": 0.9359605911330049, "Precision": 0.5752380952380952, "Recall": 0.5733333333333334, "F1 score": 0.5725163161711386}