{"Accuracy": 0.9359605911330049, "Precision": 0.9189768271840756, "Recall": 0.9359605911330049, "F1 score": 0.9225321367935969}