{"Accuracy": 0.9260700389105059, "Precision": 0.920816789422348, "Recall": 0.9260700389105059, "F1 score": 0.9198976407822567}