{"Accuracy": 0.9260700389105059, "Precision": 0.9266504110018087, "Recall": 0.9260700389105059, "F1 score": 0.92495135237508}