{"Accuracy": 0.9416342412451362, "Precision": 0.939493150521802, "Recall": 0.9416342412451362, "F1 score": 0.9377335445395059}