{"Accuracy": 0.9377431906614786, "Precision": 0.8801930596285436, "Recall": 0.8239432136490961, "F1 score": 0.8407415478634161}