{"Accuracy": 0.9310344827586207, "Precision": 0.8829505940307157, "Recall": 0.9310344827586207, "F1 score": 0.9057978018449562}