{"Accuracy": 0.9359605911330049, "Precision": 0.8897020877316444, "Recall": 0.9359605911330049, "F1 score": 0.9109213263460468}