{"Accuracy": 0.9408866995073891, "Precision": 0.9440214957456337, "Recall": 0.9408866995073891, "F1 score": 0.9284696968394386}