{"Accuracy": 0.9359605911330049, "Precision": 0.5743460879497431, "Recall": 0.5954731457800511, "F1 score": 0.5843137254901961}