{"Accuracy": 0.8523809523809524, "Precision": 0.8729478562811895, "Recall": 0.8523809523809524, "F1 score": 0.8347697441601781}