{"Accuracy": 0.8761904761904762, "Precision": 0.8810477073221712, "Recall": 0.8761904761904762, "F1 score": 0.8744494689716971}