{"Accuracy": 0.8761904761904762, "Precision": 0.9052858627858628, "Recall": 0.8205763208061002, "F1 score": 0.8429988851727982}