{"Accuracy": 0.8428571428571429, "Precision": 0.846830658013162, "Recall": 0.8428571428571429, "F1 score": 0.8368572155661014}