{"Accuracy": 0.9377431906614786, "Precision": 0.9410856465222304, "Recall": 0.9377431906614786, "F1 score": 0.9387293055175204}