{"Accuracy": 0.9377431906614786, "Precision": 0.8585817688263986, "Recall": 0.8787719633307869, "F1 score": 0.8667248244995951}