{"Accuracy": 0.933852140077821, "Precision": 0.9296262205948875, "Recall": 0.933852140077821, "F1 score": 0.930398159704378}