{"Accuracy": 0.9299610894941635, "Precision": 0.9296375266524523, "Recall": 0.9299610894941635, "F1 score": 0.9289443751538002}