{"Accuracy": 0.7238095238095238, "Precision": 0.8030167945262284, "Recall": 0.7011732933914306, "F1 score": 0.722643648666977}