{"Accuracy": 0.7, "Precision": 0.7568464399007294, "Recall": 0.7, "F1 score": 0.6918360549695246}