{"Accuracy": 0.6904761904761905, "Precision": 0.74430255270425, "Recall": 0.6904761904761905, "F1 score": 0.678291613148756}