{"Accuracy": 0.7142857142857143, "Precision": 0.7517966655327708, "Recall": 0.7142857142857143, "F1 score": 0.7077952969763883}